,institution_id,institution_gender_index
0,10045.0,0.18488123472211157
1,10047.0,0.20092640846565
2,10049.0,0.19382586342533364
3,10051.0,0.20169639945011922
4,10053.0,0.22084195876737608
5,10055.0,0.1948127525740841
6,10057.0,0.14523863563337247
7,10059.0,0.11543423798828832
8,10063.0,0.0
9,10064.0,0.16666666666666666
10,10065.0,0.3333333333333333
11,10068.0,0.2336099086099086
12,10070.0,0.0
13,10073.0,0.13333333333333333
14,10074.0,0.18333333333333335
15,10075.0,0.16666666666666666
16,10080.0,0.25
17,10081.0,0.13902155614112136
18,10082.0,0.13171296296296295
19,10083.0,0.3333333333333333
20,10084.0,0.2049220272904483
21,10085.0,0.3074074074074074
22,10087.0,0.06368055555555555
23,10088.0,0.10345238095238095
24,10091.0,0.09994505494505493
25,10092.0,0.16938775510204082
26,10095.0,0.0
27,10096.0,0.0
28,10097.0,0.1929608227402345
29,10099.0,0.0
30,10100.0,0.2028920340065851
31,10101.0,0.3125
32,10102.0,0.29229024943310655
33,10106.0,0.15833333333333333
34,10108.0,0.18801601850870517
35,10110.0,0.3767399267399267
36,10111.0,0.10966810966810969
37,10113.0,0.13994787273747536
38,10115.0,0.14707707831819464
39,10117.0,0.167713117088117
40,10119.0,0.31910125968992253
41,10121.0,0.18438251682943113
42,10123.0,0.11129374098124097
43,10125.0,0.1568489911647806
44,10128.0,0.1391490664217937
45,10130.0,0.041666666666666664
46,10131.0,0.3333333333333333
47,10134.0,0.10526315789473684
48,10135.0,0.3333333333333333
49,10138.0,0.037698412698412696
50,10140.0,0.010416666666666666
51,10141.0,0.10167084377610694
52,10142.0,0.0916860916860917
53,10143.0,0.2519091847265222
54,10146.0,0.1590909090909091
55,10147.0,0.4583333333333333
56,10153.0,0.4136752136752137
57,10155.0,0.3
58,10161.0,0.5
59,10162.0,0.2857142857142857
60,10163.0,0.125
61,10165.0,0.26514487295362477
62,10167.0,0.16046528459734546
63,10170.0,0.2857142857142857
64,10172.0,0.060107655502392346
65,10173.0,0.24993961352657004
66,10174.0,0.33481280624137766
67,10175.0,0.18076923076923077
68,10178.0,0.13824458098651643
69,10179.0,0.2262849584278156
70,10181.0,0.31402116402116403
71,10182.0,0.17746950886176102
72,10185.0,0.11047077922077922
73,10187.0,0.0
74,10188.0,0.05867283950617283
75,10191.0,0.375
76,10192.0,0.17101746969909504
77,10194.0,0.02852415281850765
78,10198.0,0.018518518518518517
79,10199.0,0.08578282828282828
80,10200.0,0.10737113841952552
81,10202.0,0.18652778461017097
82,10204.0,0.21502466052585775
83,10206.0,0.20646721439643645
84,10208.0,0.22715471508708707
85,10210.0,0.13600368256769402
86,10216.0,0.45833333333333337
87,10217.0,0.0625
88,10219.0,0.1726190476190476
89,10220.0,0.4444444444444444
90,10221.0,0.021164021164021163
91,10224.0,0.3119047619047619
92,10229.0,0.0934782608695652
93,10232.0,0.25933910533910526
94,10233.0,0.20604371314092804
95,10235.0,0.33421225239407054
96,10236.0,0.1926963957006536
97,10238.0,0.15574973311297569
98,10240.0,0.15303012424975138
99,10242.0,0.1865679348528811
100,10244.0,0.17871637291280154
101,10246.0,0.5833333333333334
102,10247.0,0.201938839802092
103,10249.0,0.23545567087233754
104,10251.0,0.7777777777777778
105,10255.0,0.6
106,10256.0,0.15603070175438596
107,10257.0,0.23026315789473684
108,10259.0,0.056111111111111105
109,10260.0,0.12958333333333333
110,10261.0,0.038055278055278065
111,10262.0,0.1900457589795825
112,10266.0,0.23037126738275
113,10272.0,0.20987114235143114
114,10274.0,0.1457861935486245
115,10276.0,0.17522537448565084
116,10278.0,0.2130075509863645
117,10280.0,0.21054168558541003
118,10282.0,0.20036617939048929
119,10284.0,0.14075824278544283
120,10286.0,0.17790845538430075
121,10288.0,0.1103683897801545
122,10290.0,0.3444444444444444
123,10291.0,0.1796663574520717
124,10293.0,0.15370840121384646
125,10300.0,0.0
126,10301.0,0.23674242424242423
127,10302.0,0.0
128,10303.0,0.0
129,10304.0,0.1111111111111111
130,10305.0,0.3931972789115646
131,10306.0,0.5
132,10308.0,0.0
133,10310.0,0.1111111111111111
134,10311.0,0.07738095238095238
135,10312.0,0.0925925925925926
136,10313.0,0.19006410256410255
137,10314.0,0.1113095238095238
138,10315.0,0.060389610389610396
139,10316.0,0.14808080808080806
140,10317.0,0.09186403508771931
141,10319.0,0.15496502265287146
142,10321.0,0.19598477595636685
143,10323.0,0.21120622789640878
144,10325.0,0.1566675989830977
145,10327.0,0.0
146,10328.0,0.2619047619047619
147,10329.0,0.3333333333333333
148,10330.0,0.0
149,10331.0,0.12962962962962962
150,10333.0,0.07922453703703704
151,10334.0,0.20497422393680897
152,10335.0,0.21638106379367952
153,10337.0,0.14899922337335159
154,10339.0,0.17864557208011075
155,10341.0,0.1622222222222222
156,10344.0,1.0
157,10345.0,0.18654636288940785
158,10348.0,0.0
159,10349.0,0.11734848484848488
160,10351.0,0.20546097369872907
161,10353.0,0.1503030401248403
162,10355.0,0.13075805886474287
163,10357.0,0.2150436507936508
164,10359.0,0.20255693978372374
165,10361.0,0.0979626332448913
166,10362.0,0.25775125775125785
167,10363.0,0.22354001875160873
168,10365.0,0.22338873008507734
169,10370.0,0.19586167800453508
170,10371.0,0.375
171,10372.0,0.18257575757575759
172,10373.0,0.08333333333333333
173,10374.0,0.4404761904761905
174,10376.0,0.09478174603174604
175,10377.0,0.2222222222222222
176,10378.0,0.07894736842105263
177,10379.0,0.25
178,10380.0,0.3593073593073593
179,10382.0,0.1393672226466344
180,10384.0,0.0
181,10386.0,0.0
182,10387.0,0.16546957671957674
183,10389.0,0.20378208896727415
184,10390.0,0.23055555555555554
185,10394.0,0.24404761904761904
186,10395.0,0.02904040404040404
187,10396.0,0.2183641975308642
188,10397.0,0.30689835383914327
189,10398.0,0.0
190,10399.0,0.1286656346749226
191,10400.0,0.08880986249407304
192,10401.0,0.09166666666666667
193,10403.0,0.354093567251462
194,10404.0,0.0
195,10407.0,0.25809523809523804
196,10408.0,0.0
197,10411.0,0.4444444444444444
198,10413.0,0.0
199,10414.0,0.1275
200,10416.0,0.1546934351051998
201,10418.0,0.41352293070338175
202,10420.0,0.258152275409709
203,10421.0,0.6666666666666666
204,10422.0,0.12386866788182578
205,10423.0,0.09082491582491582
206,10426.0,0.19594054888074897
207,10427.0,0.27629021262617715
208,10429.0,0.22563114346895263
209,10431.0,0.21666666666666667
210,10439.0,0.0
211,10441.0,0.1273015873015873
212,10442.0,0.08333333333333333
213,10445.0,0.06586888833711385
214,10447.0,0.0
215,10448.0,0.14285714285714285
216,10464.0,0.04999999999999999
217,10465.0,0.2309720582447855
218,10466.0,0.3125
219,10468.0,0.025641025641025644
220,10469.0,0.5
221,10473.0,0.03666666666666667
222,10483.0,0.21082724885421542
223,10485.0,0.14381182782384155
224,10489.0,0.12962962962962962
225,10491.0,0.08840237849525774
226,10492.0,0.06788766788766788
227,10493.0,0.5
228,10497.0,0.20490019240019242
229,10499.0,0.22356701612856106
230,10501.0,0.11458333333333333
231,10503.0,0.24717765894236485
232,10506.0,0.1335578002244669
233,10507.0,0.125
234,10512.0,0.29563492063492064
235,10514.0,0.25808730213764547
236,10518.0,0.22968269183179324
237,10520.0,0.2013788566072466
238,10524.0,0.06646825396825397
239,10525.0,0.12078754578754579
240,10528.0,0.08333333333333334
241,10532.0,0.0
242,10538.0,0.0
243,10539.0,0.026111111111111106
244,10540.0,0.0
245,10542.0,1.0
246,10543.0,0.16666666666666666
247,10544.0,0.25
248,10548.0,0.0
249,10549.0,0.10025062656641603
250,10552.0,0.08333333333333333
251,10557.0,0.0
252,10558.0,0.2563649891774892
253,10560.0,0.2
254,10561.0,0.20833333333333334
255,10566.0,0.2
256,10568.0,0.303030303030303
257,10569.0,0.3093434343434343
258,10575.0,0.4166666666666667
259,10576.0,0.0
260,10579.0,0.17165242165242164
261,10583.0,0.0
262,10590.0,0.0
263,10592.0,0.2869318181818182
264,10593.0,0.22103519668737062
265,10594.0,0.10521885521885521
266,10595.0,0.0
267,10596.0,0.03809523809523809
268,10597.0,0.0
269,10601.0,0.0
270,10604.0,0.05
271,10606.0,0.023809523809523808
272,10609.0,0.0
273,10610.0,0.16120009620009618
274,10613.0,0.1111111111111111
275,10614.0,0.6388888888888888
276,10624.0,0.0
277,10632.0,0.2090236006683375
278,10634.0,0.0
279,10638.0,0.0
280,10639.0,0.0
281,10644.0,0.5
282,10645.0,0.1111111111111111
283,10646.0,0.0
284,10647.0,0.0
285,10648.0,0.0
286,10650.0,0.0
287,10651.0,0.0
288,10652.0,0.0
289,10653.0,0.16477272727272727
290,10654.0,0.0
291,10655.0,0.02104669524024363
292,10656.0,0.0
293,10658.0,0.5454545454545454
294,10660.0,0.16666666666666666
295,10662.0,0.0
296,10664.0,0.0
297,10665.0,0.07142857142857142
298,10668.0,0.375
299,10671.0,0.05357142857142857
300,10672.0,0.19047619047619047
301,10675.0,0.0
302,10676.0,0.06666666666666668
303,10677.0,0.0
304,10680.0,0.13
305,10683.0,0.0
306,10684.0,0.0
307,10689.0,0.25
308,10696.0,0.12418414918414919
309,10702.0,0.4
310,10707.0,0.0625
311,10708.0,0.07142857142857142
312,10711.0,0.22626309783172527
313,10712.0,0.0
314,10713.0,0.14585537918871253
315,10714.0,0.5
316,10718.0,0.2967032967032967
317,10719.0,0.14583333333333331
318,10727.0,0.24535147392290252
319,10731.0,0.2833333333333334
320,10734.0,0.34090909090909094
321,10739.0,0.03333333333333333
322,10741.0,0.075
323,10742.0,0.13636363636363635
324,10745.0,0.0
325,10748.0,0.08223046794475365
326,10754.0,0.7496296296296296
327,10755.0,0.101010101010101
328,10756.0,0.0
329,10757.0,0.05
330,10762.0,0.1
331,10763.0,0.20748299319727895
332,10767.0,0.06388888888888888
333,10768.0,0.1477966640247342
334,10771.0,0.41666666666666663
335,10780.0,0.0
336,10788.0,0.13280423280423279
337,10789.0,1.0
338,10791.0,0.24790100250626568
339,10793.0,0.5
340,10795.0,0.23988520345663197
341,10798.0,0.0625
342,10808.0,0.1111111111111111
343,10809.0,0.23057901611823178
344,10811.0,0.4828571428571428
345,10814.0,0.025
346,10816.0,0.14285714285714285
347,10817.0,0.0
348,10825.0,0.0
349,10826.0,0.12247474747474747
350,10830.0,0.11132154882154881
351,10831.0,0.10497835497835498
352,10837.0,0.0
353,12901.0,0.0
354,12909.0,0.014285714285714287
355,12914.0,0.1638888888888889
356,12916.0,0.13352272727272727
357,12917.0,0.3636363636363637
358,12919.0,0.0
359,12922.0,0.25
360,12928.0,0.3
361,12932.0,0.7142857142857143
362,12933.0,0.2916666666666667
363,12935.0,0.0
364,12936.0,0.0
365,12937.0,0.13055555555555554
366,12939.0,0.31818181818181823
367,12956.0,0.0
368,12961.0,0.3333333333333333
369,12973.0,0.16666666666666666
370,12976.0,1.0
371,12982.0,0.03571428571428571
372,12985.0,0.275
373,12992.0,0.0
374,12994.0,0.0
375,12997.0,0.5
376,13000.0,0.07658730158730158
377,13010.0,0.27777777777777773
378,13011.0,0.1
379,13012.0,0.25
380,13025.0,0.4
381,13034.0,0.5
382,13038.0,0.5
383,13041.0,0.25
384,13044.0,0.0
385,13046.0,0.0
386,13047.0,0.11904761904761903
387,13049.0,0.2916666666666667
388,13051.0,0.21144781144781144
389,13067.0,0.10000000000000002
390,13068.0,0.3333333333333333
391,13070.0,0.0
392,13074.0,0.0
393,13075.0,0.07222222222222222
394,13085.0,0.25
395,13103.0,0.5
396,13109.0,0.4666666666666667
397,13111.0,0.16666666666666666
398,13112.0,0.5
399,13115.0,0.25
400,13349.0,0.21875
401,13522.0,0.20666666666666667
402,13934.0,0.1485904712571379
403,14033.0,0.20544767052119994
404,14203.0,0.16158509236677598
405,14282.0,0.21453211641358794
406,14309.0,0.0
407,14502.0,0.0
408,14552.0,0.32539682539682535
409,14572.0,0.0
410,16532.0,0.25
411,23955.0,0.0
412,24105.0,0.2222222222222222
413,24211.0,0.0
414,25119.0,0.0
415,25237.0,0.0
416,25513.0,0.0
417,25516.0,0.41666666666666663
418,25518.0,0.3482142857142857
419,25762.0,0.25
420,25781.0,0.0
421,25935.0,0.3333333333333333
422,27088.0,0.06666666666666667
423,27102.0,0.013888888888888888
424,27646.0,0.0
425,28018.0,0.0
426,28400.0,0.5
427,28401.0,0.0
428,28504.0,0.1919191919191919
429,28506.0,0.21726190476190477
430,28720.0,0.0
431,28961.0,0.0
432,28966.0,0.0
433,29512.0,0.06748035914702581
434,29542.0,1.0
435,29547.0,0.1111111111111111
436,29577.0,0.0
437,29578.0,0.5
438,29592.0,0.0
439,29894.0,0.0
440,29898.0,0.2
441,29904.0,0.0
442,29912.0,0.0
443,29918.0,0.0
444,29923.0,0.19558879838485102
445,29927.0,0.5
446,29929.0,0.08333333333333333
447,29951.0,0.0
448,29990.0,0.25
449,30096.0,0.5
450,30131.0,0.17647058823529413
451,30208.0,0.08333333333333333
452,30258.0,0.5
453,30408.0,0.0
454,30413.0,0.0375
455,30424.0,0.0
456,30429.0,0.0
457,30458.0,0.0
458,30525.0,0.0
459,30527.0,0.0
460,30536.0,0.08928571428571429
461,30582.0,0.3333333333333333
462,30620.0,0.0
463,30621.0,0.25
464,30685.0,1.0
465,30773.0,0.1363636363636363
466,30783.0,0.0
467,30786.0,0.0
468,30790.0,0.5
469,30813.0,0.10416666666666666
470,30826.0,0.0
471,262530.0,0.06586888833711385
472,262586.0,0.0625
473,262594.0,0.125
474,262618.0,0.07406759906759906
475,262638.0,0.20215106530896007
476,262642.0,0.0
477,262646.0,0.0
478,262650.0,0.09739010989010989
479,262654.0,0.0
480,262666.0,0.12060335497835496
481,262674.0,0.11164021164021164
482,262690.0,0.3333333333333333
483,262694.0,0.0
484,262714.0,0.375
485,262794.0,0.16666666666666666
486,262802.0,0.2307692307692308
487,369853.0,0.24489795918367346
488,370031.0,0.33923611111111107
489,370726.0,0.0
490,371852.0,0.13888888888888887
491,375070.0,0.2
492,378311.0,0.1800595238095238
493,379463.0,0.14026610644257703
494,379818.0,0.17125420875420877
495,384004.0,0.17787114845938376
496,386437.0,0.2992527080762375
497,387425.0,0.21655851572586768
498,388886.0,0.75
499,392382.0,0.27414820473644
500,392391.0,0.1414141414141414
501,392411.0,0.16
502,415752.0,0.09935897435897435
503,415768.0,0.17216117216117216
504,416860.0,0.09523809523809523
505,416868.0,0.12878787878787878
506,421477.0,0.125
507,422242.0,0.15715909090909091
508,422315.0,0.06666666666666667
509,422537.0,0.12987012987012986
510,425193.0,0.0
511,442334.0,0.4166666666666667
512,442338.0,0.0
513,442481.0,0.1875
514,447901.0,0.3333333333333333
515,449460.0,0.0
516,461703.0,0.3333333333333333
517,461743.0,0.19494949494949496
518,463517.0,0.32916666666666666
519,471451.0,0.0
520,768751.0,0.25640031265031266
521,774766.0,0.0
522,774816.0,0.36666666666666664
523,775502.0,0.0
524,775508.0,0.125
525,775562.0,0.1111111111111111
526,775580.0,0.0
527,776103.0,0.20833333333333331
528,776531.0,0.1871345029239766
529,780893.0,0.2333333333333333
530,784654.0,0.0
531,795826.0,0.5
532,797865.0,0.27777777777777773
533,812239.0,0.0
534,828778.0,0.27787878787878784
535,830916.0,0.0
536,842211.0,0.25
537,863564.0,0.15438712522045855
538,865508.0,0.1476190476190476
539,968084.0,0.16333333333333336
540,969232.0,0.22137605042016806
541,970755.0,0.0
542,970757.0,0.4
543,970758.0,0.0
544,970760.0,0.009523809523809525
545,970761.0,0.42857142857142855
546,970768.0,0.5
547,970769.0,0.39999999999999997
548,970776.0,0.0
549,970777.0,0.03472222222222222
550,970790.0,0.27777777777777773
551,970791.0,0.04285714285714286
552,970796.0,0.0
553,971576.0,0.0
554,971577.0,0.0
555,971725.0,0.03333333333333333
556,971764.0,0.0
557,971788.0,0.3333333333333333
558,971985.0,0.0
559,972117.0,0.20188502673796788
560,972213.0,0.0
561,972220.0,0.1320783616447835
562,972244.0,1.0
563,972246.0,0.225
564,972440.0,0.0
565,972485.0,0.2
566,972500.0,0.0
567,972501.0,0.21428571428571427
568,972503.0,0.6
569,972508.0,0.0
570,972510.0,0.25
571,972511.0,0.3333333333333333
572,972524.0,0.3333333333333333
573,980447.0,0.14285714285714285
574,980448.0,0.07407407407407407
575,980450.0,0.16666666666666666
576,980459.0,0.0
577,980460.0,0.0
578,980470.0,0.3333333333333333
579,980472.0,0.3333333333333333
580,980475.0,0.42857142857142855
581,980478.0,0.0
582,980710.0,0.16666666666666666
583,981047.0,0.08417415917415917
584,981103.0,0.16666666666666666
585,981478.0,0.25
586,981596.0,0.2378472222222222
587,981611.0,0.125
588,981697.0,0.25416666666666665
589,981740.0,0.1
590,981747.0,0.3333333333333333
591,981764.0,0.0
592,981870.0,0.16666666666666666
593,981897.0,0.25
594,9730739.0,0.3333333333333333
595,9731819.0,0.0
596,12386727.0,0.13333333333333333
597,12386806.0,0.047619047619047616
598,12446814.0,0.15625
599,12489404.0,1.0
600,12508472.0,0.11636904761904762
601,12549211.0,0.125
602,12631747.0,0.475
603,12632123.0,0.3611111111111111
604,12672165.0,0.36296296296296293
605,12672392.0,0.2390476190476191
606,12714533.0,0.1
607,12733474.0,0.041666666666666664
608,12733510.0,0.19598765432098764
609,12733531.0,0.13587092731829573
610,12733635.0,0.0
611,12733675.0,0.11812456866804695
612,12733691.0,0.06868131868131867
613,12795006.0,0.0
614,12836160.0,0.0
615,12939055.0,0.0
616,12939206.0,0.1803030303030303
617,12979966.0,0.5
618,12980992.0,0.08333333333333333
619,12981176.0,0.0625
620,13029287.0,0.16666666666666666
621,13062818.0,0.15666666666666668
622,13143692.0,0.375
623,13184741.0,0.0
624,13306963.0,0.3333333333333333
625,13369442.0,0.0
626,13369856.0,0.0
627,13532767.0,0.20645363408521303
628,13575156.0,0.0
629,13759374.0,0.04523026315789474
630,13983368.0,0.0
631,13983723.0,0.25
632,14086044.0,0.0
633,14108630.0,0.09166666666666667
634,14229250.0,0.0
635,14249917.0,0.5734126984126984
636,14556751.0,0.25
637,14558588.0,0.5
638,14701105.0,0.0
639,14701621.0,0.125
640,14762816.0,0.0
641,14822401.0,1.0
642,14987288.0,0.0
643,15131018.0,0.3194444444444444
644,15191532.0,0.05714285714285714
645,15191542.0,0.25
646,15212920.0,0.3333333333333333
647,15275973.0,0.16666666666666666
648,15314985.0,0.0
649,15315008.0,0.1982142857142857
650,15315569.0,0.0
651,15580204.0,0.19090909090909092
652,15580337.0,0.13437775573192243
653,15582807.0,0.0
654,15683332.0,0.125
655,15704715.0,0.21666666666666667
656,15723673.0,0.0
657,16011239.0,0.0
658,16031521.0,0.0
659,16032300.0,0.0
660,16032538.0,0.08333333333333333
661,16033593.0,0.25
662,16051559.0,0.25
663,16092746.0,0.075
664,16297360.0,0.0
665,16318845.0,0.0
666,16380920.0,0.0
667,16441652.0,0.16666666666666666
668,16606117.0,0.6051587301587301
669,16973611.0,0.15412239275875642
670,16994691.0,0.25
671,17014160.0,0.25
672,17056028.0,0.125
673,17402938.0,0.16666666666666666
674,17525843.0,0.0
675,18120651.0,0.13636363636363635
676,18245439.0,0.23333333333333334
677,18245475.0,0.0
678,18494758.0,0.5
679,18508882.0,0.38095238095238093
680,18592724.0,0.06349206349206349
681,18693780.0,0.3333333333333333
682,18694162.0,0.0
683,18857166.0,0.125
684,18898488.0,0.0
685,18898539.0,0.3
686,18920385.0,0.3371693121693121
687,18980462.0,0.13333333333333333
688,19023617.0,0.425
689,19042568.0,0.13541666666666666
690,19598027.0,0.0
691,19598130.0,0.16666666666666666
692,19658872.0,0.005555555555555556
693,19677472.0,0.14285714285714285
694,19800705.0,0.0390625
695,19924892.0,0.24603174603174602
696,19943435.0,0.25
697,19944540.0,0.23611111111111108
698,19944549.0,0.0
699,19963937.0,0.0
700,20006224.0,0.0
701,20087517.0,0.2
702,20108354.0,0.0
703,20169186.0,0.05797101449275361
704,20211480.0,0.3333333333333333
705,20271364.0,0.0
706,20332715.0,0.0
707,20435152.0,0.25
708,20661017.0,0.6666666666666666
709,20681901.0,0.0
710,20682932.0,0.0
711,20685012.0,0.17857142857142855
712,20687294.0,0.1111111111111111
713,20689974.0,0.2
714,20690166.0,0.0
715,20692894.0,0.17101746969909504
716,20695812.0,0.2771310355559848
717,20695898.0,0.0
718,20698428.0,0.16666666666666666
719,20701622.0,0.0
720,20706340.0,0.2
721,20708192.0,0.0
722,20709116.0,0.0625
723,20710834.0,0.0
724,20710838.0,0.0
725,20716660.0,0.6666666666666666
726,20717976.0,0.25
727,20719234.0,0.3333333333333333
728,20722264.0,0.0
729,20723630.0,0.0
730,20725120.0,0.14285714285714285
731,20726522.0,0.0
732,20729740.0,0.25
733,20730488.0,0.2
734,20735342.0,0.5
735,20735352.0,0.5
736,20737472.0,0.0
737,20739230.0,0.03333333333333333
738,20743732.0,0.0
739,20747660.0,0.0
740,20748434.0,0.2
741,20748442.0,0.0
742,20749060.0,0.39999999999999997
743,20749124.0,0.0
744,20749906.0,0.0
745,20750798.0,0.0
746,20750800.0,0.0
747,20750934.0,0.3333333333333333
748,20750958.0,0.0
749,20751478.0,0.08333333333333333
750,20751524.0,0.12569444444444444
751,20751708.0,0.3958333333333333
752,20751790.0,0.3333333333333333
753,20751956.0,0.0
754,20752138.0,0.0
755,20752182.0,0.0
756,20752184.0,0.0
757,20752242.0,0.156
758,20752548.0,0.0
759,20752624.0,0.0
760,20753636.0,0.25
761,20753678.0,0.0
762,20754486.0,0.0
763,20754968.0,0.0
764,20755656.0,0.0
765,20755690.0,0.0
766,20755898.0,0.0
767,20755950.0,0.3333333333333333
768,20756146.0,0.0
769,20756162.0,0.2857142857142857
770,20756164.0,0.2857142857142857
771,20756174.0,0.0
772,20756284.0,0.0
773,20756370.0,0.4
774,20756688.0,0.0
775,20756690.0,0.0
776,20757246.0,0.2
777,20757350.0,0.16666666666666666
778,20757800.0,0.0
779,20757822.0,0.0
780,20757890.0,0.0
781,20758006.0,0.1806060606060606
782,20758036.0,0.0
783,20758350.0,0.08333333333333333
784,20758738.0,0.0
785,20758958.0,0.0
786,20759582.0,0.0
787,20759670.0,0.3333333333333333
788,20759776.0,0.0
789,20759828.0,0.0
790,20759830.0,0.0
791,20759838.0,0.0
792,20759966.0,0.23928571428571424
793,20760152.0,0.25
794,20760154.0,0.25
795,20760216.0,0.35
796,20760276.0,0.0
797,20760452.0,0.06666666666666667
798,20760616.0,0.0
799,20760620.0,0.0
800,20761146.0,0.0
801,20761212.0,1.0
802,20761324.0,0.0
803,20761444.0,0.75
804,20761670.0,0.0
805,20762222.0,0.0
806,20762544.0,0.10825281803542675
807,20762774.0,0.0
808,20762806.0,0.6666666666666666
809,20762958.0,0.029411764705882356
810,20763060.0,0.6666666666666666
811,20763204.0,0.0
812,20763238.0,0.0
813,20763240.0,0.0
814,20763382.0,0.2833333333333333
815,20763486.0,0.25
816,20763594.0,0.0
817,20763748.0,0.0
818,20764130.0,0.0
819,20764158.0,0.3333333333333333
820,20764188.0,0.3125
821,20764330.0,0.0
822,20764748.0,0.0
823,20764892.0,0.06253968253968255
824,20765092.0,0.3333333333333333
825,20765112.0,0.3333333333333333
826,20765354.0,0.0
827,20765480.0,0.0
828,20765780.0,0.0
829,20765882.0,0.5
830,20766240.0,0.0
831,20766242.0,0.1111111111111111
832,20766248.0,0.2857142857142857
833,20766250.0,0.2857142857142857
834,20766520.0,0.0
835,20766522.0,0.0
836,20766528.0,0.0
837,20766844.0,0.0
838,20766958.0,0.4583333333333333
839,20767088.0,0.04444444444444444
840,20767238.0,0.0
841,20767274.0,0.0
842,20767690.0,0.0
843,20767920.0,0.16666666666666666
844,20768000.0,0.0
845,20768340.0,0.3
846,20769042.0,0.0
847,20769068.0,0.0
848,20769364.0,0.22916666666666666
849,20769668.0,0.0
850,20769722.0,0.07222222222222222
851,20770068.0,0.34375
852,20770596.0,0.6388888888888888
853,20772338.0,0.0
854,20772386.0,0.375
855,20772454.0,0.0
856,20772622.0,0.0
857,20772774.0,0.0965564954051796
858,20772832.0,0.14247076023391814
859,20772856.0,0.3333333333333333
860,20772858.0,0.3333333333333333
861,20772900.0,0.0
862,20772906.0,0.16666666666666666
863,20773594.0,0.0
864,20773784.0,0.0
865,20773786.0,0.0
866,20774332.0,0.0
867,20774502.0,0.13741496598639455
868,20774622.0,0.03333333333333333
869,20774736.0,0.0
870,20775412.0,0.125
871,20775484.0,0.0
872,20775632.0,0.5
873,20775724.0,0.5
874,20776018.0,0.07053571428571428
875,20776764.0,0.14718614718614717
876,20776866.0,0.0
877,20776930.0,0.06666666666666667
878,20777634.0,0.2222222222222222
879,20777862.0,0.0
880,20778488.0,0.16666666666666669
881,20779812.0,0.0
882,20779976.0,0.4
883,20780208.0,0.5
884,20780530.0,0.3333333333333333
885,20780704.0,0.39646464646464646
886,20780772.0,0.0
887,20780840.0,0.0
888,20780880.0,0.0
889,20780958.0,0.3333333333333333
890,20781072.0,0.25892857142857145
891,20781214.0,0.0
892,20781302.0,0.1
893,20781336.0,0.0
894,20781380.0,0.027777777777777776
895,20782126.0,0.0
896,20782624.0,0.0
897,20887065.0,0.34500000000000003
898,20928150.0,0.14285714285714285
899,21090312.0,0.0
900,21090332.0,0.11954545454545454
901,21090372.0,0.5
902,21090400.0,0.0
903,21090404.0,0.125
904,21090456.0,0.0
905,21090504.0,0.24444444444444446
906,21090508.0,0.0
907,21090532.0,0.0
908,21090540.0,0.0
909,21090552.0,0.16666666666666666
910,21090556.0,0.5375
911,21090568.0,0.39666666666666667
912,21090588.0,0.06666666666666667
913,21090592.0,0.0625
914,21090620.0,0.03409090909090909
915,21090644.0,0.0
916,21090656.0,0.0625
917,21090660.0,0.5
918,21090680.0,0.3333333333333333
919,21090736.0,0.0
920,21090744.0,0.5
921,21090808.0,0.35
922,21090880.0,0.0
923,21090904.0,0.16666666666666666
924,21090948.0,0.3333333333333333
925,21090952.0,0.3333333333333333
926,21091004.0,0.1111111111111111
927,21091008.0,0.0
928,21091024.0,0.41666666666666663
929,21091040.0,0.0
930,21091052.0,0.5
931,21091100.0,0.0
932,21091104.0,0.125
933,21091120.0,0.1875
934,21091124.0,0.375
935,21091172.0,0.3636363636363637
936,21091232.0,0.3333333333333333
937,21091264.0,0.0
938,21091284.0,0.0
939,21091296.0,1.0
940,21091300.0,0.25
941,21091424.0,0.22916666666666666
942,21091436.0,0.14583333333333331
943,21091460.0,0.0
944,21091464.0,0.0
945,21091476.0,0.1
946,21091492.0,0.3333333333333333
947,21091536.0,0.0
948,21091576.0,0.019230769230769232
949,21091604.0,0.4563492063492064
950,21091608.0,0.5
951,21091616.0,0.06666666666666667
952,21091620.0,0.0
953,21091628.0,1.0
954,21091644.0,0.0
955,21091664.0,0.3333333333333333
956,21091684.0,0.0
957,21091688.0,0.2333333333333333
958,21091704.0,0.3333333333333333
959,21091728.0,0.0
960,21091732.0,0.2108225108225108
961,21091744.0,0.1111111111111111
962,21091756.0,0.125
963,21091768.0,1.0
964,21091772.0,0.0
965,21091780.0,0.0
966,21091804.0,0.17170868347338938
967,21091824.0,0.0
968,21091828.0,0.3333333333333333
969,21091836.0,0.0
970,21091936.0,0.037037037037037035
971,21091952.0,0.16666666666666666
972,21092004.0,0.30492424242424243
973,21092016.0,0.25
974,21092024.0,0.5
975,21092068.0,0.0
976,21092072.0,0.18888888888888888
977,21092076.0,0.0
978,21092092.0,0.0
979,21092120.0,0.16666666666666666
980,21092124.0,0.14285714285714285
981,21092140.0,0.0
982,21092216.0,0.0
983,21092248.0,0.21590909090909094
984,21092264.0,0.0
985,21092328.0,0.3333333333333333
986,21092344.0,0.17777777777777778
987,21092348.0,0.046363636363636364
988,21092372.0,0.0
989,21092380.0,0.1
990,21092404.0,0.0
991,21092412.0,0.0
992,21092420.0,1.0
993,21092492.0,0.0
994,21092512.0,0.1
995,21092560.0,0.07144360269360268
996,21092580.0,0.0
997,21092604.0,0.0
998,21092608.0,0.0
999,21092620.0,0.0
1000,21092636.0,0.1
1001,21092708.0,0.08333333333333333
1002,21092728.0,0.6666666666666666
1003,21092732.0,0.5
1004,21092744.0,0.0
1005,21092752.0,0.12878787878787878
1006,21092760.0,0.0
1007,21092776.0,0.05
1008,21092792.0,0.038461538461538464
1009,21092848.0,0.3222222222222222
1010,21092852.0,0.12222222222222223
1011,21092864.0,0.060897435897435896
1012,21092920.0,0.1973951973951974
1013,21092924.0,0.2404040404040404
1014,21092932.0,0.2857142857142857
1015,21092956.0,0.36666666666666664
1016,21092996.0,0.25
1017,21093016.0,0.35
1018,21093036.0,0.25476190476190474
1019,21093040.0,0.45238095238095233
1020,21093084.0,0.0
1021,21093124.0,0.3333333333333333
1022,21093132.0,0.18749999999999997
1023,21093172.0,0.41666666666666663
1024,21093180.0,0.3
1025,21093192.0,0.0
1026,21093212.0,0.07053571428571428
1027,21093232.0,0.0
1028,21093244.0,0.354421768707483
1029,21093248.0,0.0
1030,21093260.0,0.0
1031,21093272.0,0.21666666666666667
1032,21093304.0,0.19982993197278912
1033,21093312.0,0.023809523809523808
1034,21093340.0,0.0
1035,21093352.0,0.020833333333333332
1036,21093380.0,0.16666666666666666
1037,21093404.0,0.16666666666666666
1038,21093416.0,0.5
1039,21093424.0,0.13888888888888887
1040,21093428.0,0.0
1041,21093436.0,0.0
1042,21093452.0,0.0
1043,21093460.0,0.0
1044,21093488.0,0.0
1045,21093500.0,0.5
1046,21093528.0,0.0
1047,21093544.0,0.32142857142857145
1048,21093560.0,0.25
1049,21093568.0,0.0
1050,21093584.0,0.20897435897435898
1051,21093664.0,0.3333333333333333
1052,21093672.0,0.0
1053,21093752.0,0.0
1054,21093756.0,0.08333333333333333
1055,21093760.0,0.0
1056,21093764.0,0.3333333333333333
1057,21093780.0,0.25
1058,21093788.0,0.4
1059,21093796.0,0.24259259259259258
1060,21093820.0,0.5
1061,21093828.0,0.3125
1062,21093860.0,0.41666666666666663
1063,21093868.0,0.4444444444444444
1064,21093900.0,0.16666666666666666
1065,21093944.0,0.3333333333333333
1066,21093956.0,0.0
1067,21093964.0,0.25
1068,21093972.0,0.16666666666666666
1069,21093984.0,0.06666666666666667
1070,21093988.0,0.375
1071,21093992.0,0.5
1072,21094020.0,0.0
1073,21094044.0,0.0
1074,21094092.0,0.4
1075,21541655.0,0.0
1076,21705658.0,0.0
1077,21890547.0,0.0
1078,21890704.0,0.07777777777777778
1079,21993283.0,0.0
1080,22032791.0,0.0
1081,22034323.0,0.0
1082,22443819.0,0.3333333333333333
1083,22464101.0,0.0
1084,22769673.0,0.0
1085,22852923.0,0.0
1086,23077421.0,0.0
1087,23141338.0,0.0
1088,23159762.0,0.0
1089,23324288.0,0.3333333333333333
1090,23343808.0,0.0
1091,23344090.0,0.0
1092,23425675.0,0.0
1093,23446345.0,0.0
1094,23487674.0,0.10833333333333334
1095,23631272.0,0.25
1096,23633822.0,0.47115384615384615
1097,23650620.0,0.3
1098,23691485.0,0.16666666666666666
1099,24039707.0,0.5
1100,24102150.0,0.3333333333333333
1101,24103231.0,0.0
1102,24103592.0,0.18666666666666668
1103,24185732.0,0.0
1104,24203635.0,0.0
1105,24225936.0,0.6
1106,24226658.0,0.25
1107,24244828.0,0.0
1108,24245113.0,0.0
1109,24285335.0,0.07142857142857142
1110,24715872.0,0.25
1111,24778010.0,0.08333333333333333
1112,24839771.0,0.0
1113,25002480.0,0.0
1114,25022467.0,0.08422619047619047
1115,25064252.0,0.0
1116,25064374.0,0.0
1117,25085929.0,0.27777777777777773
1118,25125338.0,0.19791666666666666
1119,25350393.0,0.11388888888888887
1120,25494956.0,0.0
1121,25514819.0,0.35
1122,25515087.0,0.18823297914207007
1123,25515319.0,0.09722222222222221
1124,25555540.0,0.0
1125,25556442.0,0.0
1126,25803176.0,0.6333333333333334
1127,25842755.0,0.31547619047619047
1128,25966182.0,0.0
1129,25986273.0,0.0
1130,26027953.0,0.0
1131,26047234.0,0.16666666666666666
1132,26212069.0,0.16666666666666666
1133,26333192.0,0.0
1134,26376024.0,0.25
1135,26457106.0,0.0
1136,26478526.0,0.0
1137,26538469.0,0.13333333333333333
1138,26538742.0,0.0
1139,26538829.0,0.24886363636363637
1140,26558918.0,0.3892857142857143
1141,26580751.0,0.3472222222222222
1142,26642185.0,0.2361111111111111
1143,26723367.0,0.0
1144,26763924.0,0.0
1145,26846944.0,0.0
1146,26847050.0,0.25
1147,26929017.0,0.2916666666666667
1148,26990500.0,0.2925925925925926
1149,27070719.0,0.2566666666666667
1150,27091906.0,0.1111111111111111
1151,27112055.0,0.25
1152,27112565.0,0.39999999999999997
1153,27173361.0,0.42857142857142855
1154,27399490.0,0.0
1155,27399700.0,0.13888888888888887
1156,27400119.0,0.20370370370370372
1157,27664951.0,0.2222222222222222
1158,28095380.0,0.4166666666666667
1159,28115890.0,0.0
1160,28402979.0,0.35357142857142854
1161,28894784.0,0.125
1162,28954855.0,0.6666666666666666
1163,29017396.0,0.19972222222222222
1164,29078750.0,0.1111111111111111
1165,29160461.0,0.3031265318944744
1166,29263456.0,0.3333333333333333
1167,29324196.0,0.5
1168,29325250.0,0.0
1169,29346302.0,0.0
1170,29365712.0,0.12314814814814816
1171,29386227.0,0.0
1172,29446682.0,0.0
1173,29712494.0,0.13478260869565217
1174,29734474.0,0.5
1175,29897119.0,0.0
1176,29938117.0,0.0
1177,30082797.0,0.0
1178,30122606.0,0.5
1179,30224825.0,0.19935102540242725
1180,30347572.0,0.0
1181,30347679.0,0.0
1182,30388634.0,0.0
1183,30472169.0,0.0
1184,30490720.0,0.0
1185,30531964.0,0.0
1186,30552682.0,0.0
1187,30737967.0,0.38888888888888884
1188,30797884.0,0.5
1189,30841165.0,0.0
1190,30842286.0,0.0
1191,30922763.0,0.0
1192,30985527.0,0.0
1193,30985553.0,0.0
1194,30985793.0,0.3333333333333333
1195,31661411.0,0.42857142857142855
1196,31968401.0,0.10444947209653091
1197,32275227.0,0.0
1198,32336325.0,0.011904761904761904
1199,32356476.0,0.6666666666666666
1200,32377299.0,0.0
1201,32398786.0,0.0
1202,32438957.0,0.0
1203,32481755.0,0.0
1204,32542959.0,0.0
1205,32561427.0,0.0
1206,32623150.0,0.39999999999999997
1207,32767297.0,0.0
1208,33238887.0,0.5333333333333333
1209,33258632.0,0.10156695156695157
1210,33318951.0,0.0
1211,33566023.0,0.0
1212,33628924.0,0.0
1213,34118560.0,0.15454545454545454
1214,34119277.0,0.0
1215,34179693.0,0.4000000000000001
1216,34180100.0,0.0
1217,34549611.0,0.07638888888888888
1218,34568570.0,0.0
1219,34569754.0,0.0
1220,34773935.0,0.0
1221,34774064.0,0.0
1222,34835846.0,0.0
1223,34896551.0,0.22255411255411256
1224,34918015.0,0.0
1225,34936989.0,0.0
1226,34978081.0,0.23958333333333331
1227,34979480.0,0.06944444444444443
1228,34979656.0,0.277483164983165
1229,35021711.0,0.0
1230,35040327.0,0.2
1231,35040475.0,0.0
1232,35040700.0,0.4166666666666667
1233,35225058.0,0.375
1234,35285397.0,0.09074074074074073
1235,35347767.0,0.5
1236,35449819.0,0.15162037037037038
1237,35450038.0,0.0
1238,35450863.0,0.25
1239,35554125.0,0.6666666666666666
1240,35612949.0,0.4
1241,35613274.0,0.0
1242,35715882.0,0.39285714285714285
1243,35758687.0,0.3611111111111111
1244,35879532.0,0.0
1245,35962634.0,0.13888888888888887
1246,35962653.0,0.12079305406373075
1247,35982113.0,0.3055555555555555
1248,36044114.0,0.0
1249,36063981.0,0.0
1250,36167976.0,0.0
1251,36228721.0,0.4
1252,36309223.0,0.031862745098039214
1253,36371133.0,0.3125
1254,36800647.0,0.20833333333333331
1255,36964406.0,0.0
1256,36965085.0,0.5
1257,37046742.0,0.0
1258,37394716.0,0.16666666666666666
1259,37559014.0,0.19777777777777777
1260,37640326.0,0.0
1261,37640744.0,0.0
1262,37863689.0,0.0
1263,37905267.0,0.13906926406926406
1264,37924971.0,0.5
1265,37945518.0,0.22820512820512823
1266,38027946.0,0.26666666666666666
1267,38068392.0,0.1111111111111111
1268,38068459.0,0.0
1269,38130348.0,0.5714285714285714
1270,38150589.0,0.1833333333333333
1271,38293951.0,0.0
1272,38457583.0,0.28055555555555556
1273,38581154.0,0.08333333333333333
1274,38662152.0,0.0
1275,38724404.0,0.0
1276,38744123.0,0.09523809523809523
1277,38826865.0,0.0
1278,38887428.0,0.0
1279,38888380.0,0.0
1280,38928627.0,0.0
1281,38948905.0,0.0625
1282,38969966.0,0.0
1283,39010414.0,0.1875
1284,39031240.0,0.05952380952380952
1285,39031799.0,0.0
1286,39112980.0,0.0
1287,39134032.0,0.28888888888888886
1288,39153673.0,0.0
1289,39215729.0,0.0
1290,39276781.0,0.6666666666666666
1291,39523027.0,0.05291005291005291
1292,39584485.0,0.0
1293,39645881.0,0.0
1294,39646035.0,0.0
1295,39686868.0,0.41666666666666663
1296,39706879.0,0.0
1297,39768789.0,0.0
1298,39769084.0,0.17338217338217338
1299,39788983.0,0.0
1300,39809179.0,0.0
1301,39809309.0,0.38181818181818183
1302,39850799.0,0.0
1303,39932090.0,0.4
1304,39993606.0,0.13333333333333333
1305,39993646.0,0.0
1306,39993688.0,0.3333333333333333
1307,39993866.0,0.3333333333333333
1308,40013892.0,0.25
1309,40034512.0,0.4
1310,40075354.0,0.0
1311,40075400.0,0.0
1312,40075449.0,0.08333333333333333
1313,40075664.0,0.0
1314,40117174.0,0.0
1315,40157455.0,0.5
1316,40157991.0,0.0
1317,40158041.0,0.0
1318,40177754.0,0.0
1319,40177856.0,0.25
1320,40177865.0,0.0
1321,40177869.0,0.0
1322,40177879.0,0.0
1323,40177891.0,0.15
1324,40219092.0,0.0
1325,40219606.0,0.0
1326,40219646.0,0.0
1327,40239389.0,0.0
1328,40239421.0,0.16666666666666666
1329,40239493.0,0.5
1330,40239501.0,0.17708333333333331
1331,40239699.0,0.2222222222222222
1332,40239801.0,0.0
1333,40239991.0,0.5
1334,40240066.0,0.4
1335,40259649.0,0.25
1336,40280400.0,0.25
1337,40280526.0,0.25
1338,40301013.0,0.0
1339,40301146.0,0.0
1340,40301282.0,0.5
1341,40301363.0,0.225
1342,40321049.0,0.3333333333333333
1343,40321162.0,0.0
1344,40321774.0,0.125
1345,40321916.0,0.15544871794871795
1346,40403132.0,0.175
1347,40403250.0,0.5
1348,40403270.0,0.0
1349,40403367.0,0.7142857142857143
1350,40403767.0,0.2352941176470588
1351,40403813.0,0.16666666666666666
1352,40423489.0,0.0
1353,40444394.0,0.2086489898989899
1354,40466269.0,0.25
1355,40505635.0,0.0
1356,40547249.0,0.2
1357,40547307.0,0.2
1358,40628908.0,0.08333333333333333
1359,40670126.0,0.0
1360,40771660.0,0.5
1361,40771748.0,0.0
1362,40771800.0,0.0
1363,40771859.0,0.0
1364,40772069.0,0.42857142857142855
1365,40833396.0,0.06727272727272728
1366,40833518.0,0.3333333333333333
1367,40854077.0,0.0
1368,40956068.0,0.11805555555555555
1369,41017435.0,1.0
1370,41017624.0,0.25
1371,41017919.0,0.0
1372,41037944.0,0.0625
1373,41038536.0,0.0
1374,41058979.0,0.29166666666666663
1375,41079032.0,0.5
1376,41079208.0,0.25
1377,41099358.0,0.1111111111111111
1378,41100267.0,0.25
1379,41120014.0,0.08333333333333333
1380,41120077.0,0.09090909090909093
1381,41141102.0,0.0625
1382,41284292.0,0.75
1383,41304333.0,0.0
1384,41304708.0,0.3333333333333333
1385,41386962.0,1.0
1386,41488765.0,0.0
1387,41509408.0,0.0
1388,41509865.0,0.0
1389,41529577.0,0.3333333333333333
1390,41549926.0,0.0
1391,41550122.0,0.3333333333333333
1392,41550646.0,1.0
1393,41570694.0,0.0
1394,41570718.0,0.16666666666666666
1395,41570741.0,0.25
1396,41570934.0,0.11904761904761904
1397,41571100.0,0.07407407407407407
1398,41714048.0,0.0
1399,41714122.0,0.125
1400,41734894.0,0.25
1401,41735055.0,0.0
1402,41754888.0,0.0
1403,41755362.0,0.0
1404,41775788.0,0.0
1405,41775888.0,0.0
1406,41795691.0,0.125
1407,41795750.0,0.0
1408,41796369.0,0.0
1409,41816355.0,0.4884615384615385
1410,41816724.0,0.3333333333333333
1411,41918871.0,0.3333333333333333
1412,41960274.0,0.5
1413,41980277.0,1.0
1414,41980289.0,0.75
1415,42001396.0,0.0
1416,42082939.0,0.0
1417,42123760.0,0.6666666666666666
1418,42124260.0,0.07916666666666666
1419,42144388.0,0.0
1420,42164702.0,0.0
1421,42165195.0,0.0
1422,42184969.0,0.0
1423,42185406.0,0.1
1424,42185416.0,0.2857142857142857
1425,42185420.0,0.2028920340065851
1426,42185424.0,0.5
1427,42185428.0,0.3333333333333333
1428,42185432.0,0.0
1429,42185449.0,0.5
1430,42185453.0,0.0
1431,42185457.0,0.0
1432,42185471.0,0.0
1433,42185479.0,0.5
1434,42185483.0,0.3333333333333333
1435,42185487.0,0.07142857142857142
1436,42246469.0,0.125
1437,42247071.0,0.3333333333333333
1438,42287823.0,0.0
1439,42288010.0,0.0
1440,42288014.0,0.26666666666666666
1441,42288020.0,0.15
1442,42573837.0,0.26666666666666666
1443,42799358.0,0.0
1444,42963731.0,0.3333333333333333
1445,43332373.0,0.0
1446,43413673.0,0.047619047619047616
1447,43413810.0,0.0
1448,43844122.0,0.25
1449,43864946.0,0.0
1450,44604624.0,0.3333333333333333
1451,44929790.0,0.0
1452,45072649.0,0.08333333333333333
1453,45195936.0,0.41666666666666663
1454,45298203.0,0.2
1455,45564877.0,0.0
1456,45871878.0,0.0
1457,46220019.0,0.0
1458,46403865.0,0.5
1459,46465505.0,0.4
1460,46547925.0,0.22499999999999998
1461,46588378.0,0.0
1462,46588423.0,0.2
1463,46608509.0,0.625
1464,46608584.0,0.0
1465,47018091.0,0.0
1466,47038878.0,0.5
1467,47059199.0,0.0
1468,47161792.0,0.0
1469,47428309.0,1.0
1470,47674317.0,0.0
1471,47837754.0,0.0
1472,47939983.0,0.0
1473,48021959.0,0.2
1474,48022047.0,0.11666666666666665
1475,48104202.0,0.0
1476,48226739.0,0.1111111111111111
1477,48411572.0,0.25
1478,48513153.0,0.0
1479,48513219.0,0.0
1480,48677808.0,0.0
1481,48944056.0,0.0
1482,49353699.0,0.125
1483,49373778.0,0.0
1484,49476381.0,0.3333333333333333
1485,49537680.0,0.1111111111111111
1486,49742429.0,0.08095238095238096
1487,49803658.0,0.0
1488,49905763.0,0.0
1489,50110894.0,0.0
1490,50131715.0,0.0
1491,50151544.0,0.0
1492,50172109.0,0.3333333333333333
1493,50192961.0,0.25
1494,50315855.0,0.0
1495,50336043.0,0.0
1496,50397990.0,0.0
1497,50459526.0,0.0
1498,50766789.0,0.0
1499,50950707.0,0.09523809523809523
1500,50991845.0,0.16666666666666666
1501,51236900.0,0.3333333333333333
1502,51257562.0,0.0
1503,51360159.0,0.5
1504,51360292.0,0.0
1505,51462330.0,0.6666666666666666
1506,51462596.0,0.0
1507,51585218.0,0.0
1508,51605826.0,0.0
1509,51974850.0,0.5
1510,51995589.0,0.5
1511,52035989.0,0.0
1512,52138405.0,0.5
1513,52138462.0,0.0
1514,52179294.0,0.0
1515,52363707.0,0.3333333333333333
1516,52364219.0,1.0
1517,52384310.0,0.2
1518,52404248.0,0.0
1519,52711758.0,0.0
1520,52834530.0,0.08333333333333333
1521,52834824.0,0.0
1522,52855071.0,0.0
1523,52855799.0,0.0
1524,52937086.0,0.0
1525,52998223.0,1.0
1526,52998357.0,0.0
1527,52998495.0,0.16666666666666666
1528,52998556.0,0.0
1529,52998564.0,0.0
1530,53510640.0,0.5
1531,53510644.0,0.1
1532,53592693.0,0.0
1533,53593063.0,0.0
1534,53612889.0,0.2857142857142857
1535,53759744.0,0.0
1536,53796889.0,0.0
1537,54227912.0,0.0
1538,54555575.0,0.5873015873015873
1539,54596117.0,0.17857142857142855
1540,54616771.0,0.0
1541,54616994.0,0.0
1542,54719291.0,0.0
1543,54945472.0,0.0
1544,55007120.0,0.14285714285714285
1545,55047698.0,0.0
1546,55109209.0,0.0
1547,55703181.0,0.375
1548,55704435.0,0.6666666666666666
1549,55907890.0,0.3333333333333333
1550,55928514.0,0.18181818181818185
1551,55968809.0,0.0
1552,55969785.0,0.0
1553,56051066.0,0.0
1554,56051192.0,0.25
1555,56051465.0,1.0
1556,56071244.0,0.0
1557,56091943.0,0.23214285714285715
1558,56173700.0,0.5
1559,56194902.0,0.5
1560,56297384.0,0.0
1561,56379082.0,0.5
1562,56480924.0,0.0
1563,56542287.0,0.0
1564,56624594.0,0.16666666666666666
1565,56788097.0,0.0
1566,56870625.0,0.0
1567,57402613.0,0.0
1568,57525784.0,0.0
1569,57956335.0,0.0
1570,58180770.0,0.0
1571,58693245.0,0.0
1572,58980315.0,0.25
1573,58980337.0,0.0
1574,59164169.0,0.0
1575,59164179.0,0.0
1576,59471768.0,0.0
1577,60106420.0,0.0
1578,60577469.0,0.0
1579,60761625.0,0.6666666666666666
1580,60781687.0,0.0
1581,60905445.0,0.2
1582,61089202.0,0.0
1583,61458146.0,0.07692307692307693
1584,61703771.0,0.27210884353741494
1585,62113689.0,0.0
1586,62134199.0,0.25
1587,62297395.0,0.0
1588,62399512.0,0.0
1589,62686832.0,0.25
1590,62707237.0,0.5
1591,62932144.0,0.25
1592,62973811.0,0.4
1593,63075591.0,0.5
1594,63096682.0,0.0
1595,63363014.0,0.2
1596,63403013.0,0.4
1597,63894553.0,0.0
1598,64222832.0,0.25
1599,64530025.0,0.25
1600,64632128.0,0.5
1601,64980613.0,0.25
1602,65205375.0,0.0
1603,65288123.0,0.0
1604,65841006.0,0.0
1605,65860688.0,0.48214285714285715
1606,65963457.0,0.5
1607,66782628.0,0.0
1608,68154951.0,0.16666666666666666
1609,68175049.0,0.0
1610,68360099.0,0.0
1611,68462787.0,0.4
1612,68523044.0,0.0
1613,68727845.0,0.2
1614,68748345.0,0.0
1615,68748480.0,0.0
1616,68748713.0,0.25
1617,68768902.0,0.2633333333333333
1618,68830473.0,0.35833333333333334
1619,68830487.0,1.0
1620,68830503.0,0.21666666666666667
1621,68830512.0,1.0
1622,68994620.0,0.0
1623,69138415.0,0.0
1624,69157916.0,0.1
1625,69179273.0,0.5
1626,69199662.0,0.0
1627,69220106.0,0.0
1628,69239894.0,0.37333333333333335
1629,69385467.0,0.3333333333333333
1630,69915981.0,0.0
1631,70186456.0,0.12780574624968216
1632,70203281.0,0.03125
1633,70386883.0,0.41666666666666663
1634,70427700.0,0.0
1635,70427862.0,0.0
1636,70530546.0,0.0
1637,70735041.0,0.2
1638,70816949.0,0.0
1639,71247575.0,0.5
1640,71431328.0,0.08333333333333333
1641,71657060.0,0.5
1642,72476227.0,0.13425925925925924
1643,72476409.0,0.0
1644,72537807.0,0.25
1645,72947384.0,0.5
1646,73950905.0,0.0
1647,74012878.0,0.0
1648,75322370.0,0.05
1649,75342938.0,0.0
1650,75999032.0,0.0
1651,76346439.0,0.16666666666666666
1652,76366966.0,0.0
1653,76776997.0,0.11428571428571428
1654,76777274.0,0.3333333333333333
1655,76900134.0,0.25
1656,76982217.0,0.3333333333333333
1657,77022254.0,0.0
1658,77063998.0,0.0
1659,77104378.0,0.08333333333333333
1660,78271612.0,0.0
1661,78333143.0,0.0
1662,78558625.0,0.0
1663,79541694.0,0.0
1664,80033756.0,0.0
1665,80283824.0,0.23183960729843833
1666,80319901.0,0.3333333333333333
1667,80320415.0,0.23015873015873017
1668,80422729.0,0.0
1669,81160129.0,0.0
1670,81548952.0,0.0
1671,82041823.0,0.0
1672,82224543.0,0.3333333333333333
1673,83432706.0,0.0
1674,83477469.0,0.6666666666666666
1675,83477679.0,0.6666666666666666
1676,84784317.0,0.0
1677,84806054.0,0.0
1678,85705747.0,0.0
1679,86730285.0,0.25
1680,87303490.0,0.0
1681,87549597.0,0.0
1682,87815626.0,0.14285714285714285
1683,88245413.0,0.0
1684,89126129.0,0.3333333333333333
1685,90744650.0,0.3333333333333333
1686,90826038.0,0.0
1687,91071570.0,0.2222222222222222
1688,91154212.0,0.0
1689,91549574.0,0.0
1690,91870867.0,0.0
1691,92362744.0,0.0
1692,94451553.0,0.5
1693,94471616.0,0.3333333333333333
1694,95133443.0,0.2
1695,96336397.0,0.0
1696,96748229.0,0.25
1697,96867997.0,0.5
1698,97195025.0,0.375
1699,98405121.0,0.25
1700,101495992.0,0.5
1701,102439144.0,0.6666666666666666
1702,102458390.0,1.0
1703,102930397.0,0.0
1704,103318539.0,0.3333333333333333
1705,103421673.0,0.0
1706,103708126.0,0.0
1707,104795386.0,0.0
1708,105246299.0,0.0
1709,105307217.0,0.07142857142857142
1710,105307430.0,0.18006993006993008
1711,105881522.0,0.3333333333333333
1712,105922065.0,0.3333333333333333
1713,108072023.0,0.30098039215686273
1714,108891226.0,0.15789473684210525
1715,110161058.0,0.0
1716,112025259.0,0.5
1717,112270564.0,0.25
1718,113315432.0,0.16666666666666666
1719,113541050.0,0.14285714285714285
1720,114565102.0,0.0
1721,114585055.0,0.0
1722,115261089.0,0.75
1723,115526999.0,0.225
1724,118128621.0,0.0
1725,119584324.0,0.16666666666666666
1726,119971245.0,0.043478260869565216
1727,123268879.0,0.0
1728,125194454.0,0.25
1729,125459914.0,0.0
1730,125480256.0,0.0
1731,126425024.0,0.041666666666666664
1732,126504122.0,0.0
1733,126934288.0,0.0
1734,129028722.0,0.14285714285714285
1735,130584244.0,0.0
1736,131808763.0,0.16666666666666666
1737,132197818.0,0.0
1738,133326714.0,0.0
1739,135372000.0,0.0
1740,136847181.0,0.16666666666666666
1741,137012580.0,0.3333333333333333
1742,137012700.0,0.3333333333333333
1743,137666311.0,0.0
1744,138464774.0,0.0
1745,138847017.0,0.125
1746,138895145.0,0.5
1747,139018134.0,0.0
1748,139246298.0,0.0
1749,140391645.0,0.13688482570061516
1750,140494670.0,0.16666666666666666
1751,141169961.0,0.0
1752,142461787.0,0.13888888888888887
1753,142501422.0,0.125
1754,145000415.0,0.016666666666666666
1755,148993854.0,0.25
1756,150775137.0,0.0
1757,151573711.0,0.0
1758,151983481.0,1.0
1759,152147264.0,0.19438105684857673
1760,154052257.0,0.0
1761,154729979.0,0.0
1762,154730009.0,0.0
1763,155138027.0,0.025
1764,157586861.0,0.0
1765,158559446.0,0.0
1766,159336245.0,0.0
1767,160322668.0,0.4
1768,160448196.0,0.6666666666666666
1769,160564246.0,0.0
1770,161815161.0,0.0
1771,162679111.0,0.2
1772,162837926.0,0.0
1773,163373717.0,0.0
1774,163392665.0,0.25
1775,164272922.0,0.41666666666666663
1776,164312402.0,0.0
1777,164565601.0,0.2
1778,164660374.0,0.25
1779,164671025.0,0.3333333333333333
1780,164722549.0,0.5
1781,164870914.0,0.0
1782,165009935.0,0.0
1783,165112595.0,0.5
1784,165725220.0,0.3333333333333333
1785,166647332.0,0.047619047619047616
1786,166955081.0,0.0
1787,167964518.0,0.0
1788,167996162.0,0.21590909090909094
1789,168213277.0,0.5
1790,168449630.0,0.0
1791,168653910.0,0.3333333333333333
1792,169210436.0,1.0
1793,169255159.0,0.27083333333333337
1794,169264701.0,0.13095238095238093
1795,169316195.0,0.0
1796,169415414.0,0.0
1797,169579332.0,0.10298035298035298
1798,169681567.0,0.0
1799,171393727.0,0.0
1800,171634051.0,0.0
1801,171932117.0,0.25
1802,171964094.0,0.1111111111111111
1803,172022877.0,0.0
1804,172721327.0,0.5
1805,173361301.0,0.3333333333333333
1806,173546332.0,0.2
1807,173794087.0,0.5
1808,174285648.0,0.0
1809,174301667.0,0.0
1810,174761919.0,0.3333333333333333
1811,175130637.0,0.0
1812,175143879.0,0.6666666666666666
1813,178161406.0,0.0
1814,178791373.0,0.3333333333333333
1815,179854034.0,0.0
1816,182195447.0,0.16666666666666666
1817,183571283.0,0.7
1818,183753381.0,0.2
1819,184956718.0,0.3333333333333333
1820,185375091.0,0.0
1821,185477661.0,0.0
1822,186216144.0,0.0
1823,186396881.0,0.25
1824,186601330.0,0.7777777777777778
1825,186661326.0,0.3333333333333333
1826,186718994.0,0.3333333333333333
1827,187823167.0,0.0
1828,188445706.0,0.125
1829,188912003.0,0.3333333333333333
1830,189611034.0,0.16666666666666666
1831,190046449.0,0.07407407407407407
1832,191164099.0,0.0
1833,191287156.0,0.5
1834,191835237.0,0.0
1835,192043126.0,0.5
1836,193205436.0,0.0
1837,193474987.0,0.0
1838,193575822.0,1.0
1839,193684385.0,0.0
1840,193901996.0,0.0
1841,193937395.0,0.0
1842,194271206.0,0.3333333333333333
1843,194344926.0,0.5
1844,194380864.0,1.0
1845,194381006.0,1.0
1846,194443097.0,0.3333333333333333
1847,194443589.0,0.13055555555555556
1848,194853734.0,0.3333333333333333
1849,195110371.0,0.09318181818181817
1850,195159775.0,0.11904761904761903
1851,195699230.0,0.04166666666666666
1852,195797461.0,0.0
1853,196665801.0,0.5714285714285714
1854,197690317.0,0.25
1855,198153140.0,0.4333333333333333
1856,200181978.0,0.0
1857,200218192.0,0.5
1858,200542320.0,0.16666666666666666
1859,201033753.0,0.14285714285714285
1860,201121464.0,0.0
1861,201411700.0,0.4583333333333333
1862,201647658.0,0.14285714285714285
1863,202782352.0,0.5
1864,202784755.0,0.4166666666666667
1865,202844526.0,0.4166666666666667
1866,202987722.0,1.0
1867,203850523.0,0.0
1868,204509671.0,0.2941269841269841
1869,205686815.0,0.2
1870,206619684.0,0.42857142857142855
1871,207258584.0,0.0
1872,208234960.0,0.6666666666666666
1873,208242424.0,0.15666666666666668
1874,208972375.0,0.3333333333333333
1875,209203466.0,0.0
1876,209749173.0,0.6
1877,209769593.0,0.5
1878,210106862.0,0.25
1879,210227407.0,0.0
1880,210230656.0,0.0
1881,210232029.0,0.0
1882,210236456.0,0.0
1883,210851533.0,0.185
1884,210969201.0,0.3645833333333333
1885,211027089.0,0.0
1886,211169772.0,0.0
1887,211877987.0,0.5
1888,212365271.0,0.7142857142857143
1889,212758616.0,0.0
1890,212947918.0,1.0
1891,213295254.0,0.5
1892,214078703.0,0.0
1893,214257554.0,0.6666666666666666
1894,214454681.0,0.0
1895,214594030.0,0.25
1896,214707992.0,0.0
1897,215224470.0,0.16666666666666666
1898,215502849.0,0.0
1899,216069657.0,0.0
1900,216094793.0,0.12878787878787878
1901,216375093.0,0.0
1902,216702250.0,0.2
1903,216736658.0,0.0
1904,217056943.0,0.5
1905,217568509.0,0.0
1906,218413654.0,0.25
1907,218883482.0,0.4
1908,219007377.0,0.0
1909,220271758.0,0.0
1910,220694778.0,0.0
1911,221072102.0,0.16666666666666666
1912,221146127.0,0.3333333333333333
1913,221923979.0,0.3333333333333333
1914,222096216.0,0.5
1915,222165133.0,0.6
1916,223098384.0,0.11428571428571428
1917,223601890.0,0.0
1918,223973623.0,0.11904761904761903
1919,224745319.0,0.0
1920,224832959.0,0.3333333333333333
1921,225980128.0,0.14285714285714285
1922,226327942.0,0.5
1923,226662454.0,0.0
1924,227367062.0,0.3333333333333333
1925,228511967.0,0.25
1926,229548603.0,0.0
1927,232029452.0,0.0
1928,232220583.0,0.3333333333333333
1929,232339160.0,0.25
1930,232352141.0,0.0
1931,233764994.0,0.03125
1932,233914595.0,0.3333333333333333
1933,234171518.0,1.0
1934,234182889.0,0.2857142857142857
1935,234183314.0,0.2857142857142857
1936,234183994.0,0.2857142857142857
1937,234571952.0,0.0
1938,234762843.0,0.5
1939,234930899.0,0.0625
1940,234937448.0,0.06666666666666667
1941,235064506.0,0.0
1942,235529062.0,0.0
1943,235622806.0,0.625
1944,236463572.0,0.08333333333333333
1945,236859331.0,0.0
1946,237695611.0,0.5
1947,237752479.0,0.0
1948,238017172.0,0.0
1949,238803103.0,0.0
1950,239222992.0,0.0
1951,239326895.0,0.0
1952,239341963.0,0.25
1953,239356213.0,0.0
1954,239414847.0,0.0
1955,239541726.0,0.0
1956,239949768.0,0.0
1957,240877452.0,0.3
1958,241028472.0,0.3
1959,242447483.0,0.0
1960,242630063.0,0.3333333333333333
1961,242951348.0,0.0
1962,243429904.0,0.0
1963,243505693.0,0.5714285714285714
1964,243712903.0,0.0
1965,243716012.0,0.0
1966,243747235.0,0.2
1967,244567823.0,0.0
1968,244579034.0,0.0
1969,244820603.0,0.3333333333333333
1970,244850363.0,0.283695652173913
1971,245070832.0,0.3333333333333333
1972,245597846.0,0.5
1973,246383961.0,0.2336099086099086
1974,246438167.0,0.3333333333333333
1975,246960801.0,0.6
1976,247217757.0,0.225
1977,247345191.0,0.0
1978,247465119.0,0.0
1979,247668866.0,0.25
1980,247684822.0,0.5
1981,247989383.0,0.6
1982,248008230.0,0.0
1983,248166337.0,0.0
1984,248885286.0,0.0
1985,249023823.0,0.2
1986,249763475.0,0.0
1987,249773437.0,0.0
1988,249776384.0,0.0
1989,249977215.0,0.5
1990,250044932.0,0.5
1991,251068578.0,0.5
1992,251276116.0,0.5
1993,251425096.0,0.0
1994,251442659.0,0.3333333333333333
1995,251521581.0,0.0
1996,251554949.0,0.3333333333333333
1997,251852087.0,0.125
1998,252110501.0,0.0
1999,252479544.0,0.0
2000,253019580.0,0.25
2001,253034272.0,0.39285714285714285
2002,253817521.0,0.0
2003,254141319.0,0.0
2004,254412577.0,0.6
2005,254600203.0,0.0
2006,254799613.0,0.0
2007,254938072.0,0.3333333333333333
2008,254945264.0,0.5
2009,256155026.0,0.0
2010,257504243.0,0.0
2011,257865014.0,0.0
2012,258375318.0,0.0
2013,258706165.0,0.0
2014,259349137.0,0.0
2015,259394679.0,0.5
2016,259411236.0,0.1
2017,259661043.0,0.75
2018,260220055.0,0.0
2019,260359587.0,0.12962962962962962
2020,260878602.0,0.4
2021,260999281.0,0.0
2022,261514382.0,0.0
2023,262602395.0,1.0
2024,262639188.0,0.6666666666666666
2025,263003956.0,0.3333333333333333
2026,263777820.0,0.0
2027,263892097.0,0.0
2028,264174117.0,0.3333333333333333
2029,266072309.0,0.16666666666666666
2030,266626802.0,0.0
2031,266662054.0,0.0
2032,266762169.0,0.0
2033,269223346.0,0.5
2034,270451065.0,0.0
2035,270461233.0,0.546875
2036,271490856.0,0.2
2037,273127859.0,0.0
2038,273436942.0,0.0
2039,273707442.0,1.0
2040,274959024.0,1.0
2041,276455234.0,0.0
2042,276469848.0,0.0
2043,276736246.0,0.4
2044,278428104.0,0.1810207336523126
2045,278683416.0,0.0
2046,278886676.0,0.0
2047,279029612.0,0.09375
2048,279159119.0,1.0
2049,280175960.0,0.16666666666666666
2050,280338429.0,0.5
2051,282947254.0,0.13333333333333333
2052,283333438.0,0.3333333333333333
2053,283824108.0,0.0
2054,284082539.0,0.16666666666666666
2055,284203818.0,0.13333333333333333
2056,289994301.0,0.0
2057,290679025.0,0.0
2058,298880663.0,0.0
2059,299327576.0,0.0
2060,299512968.0,0.0
2061,313710930.0,0.0
2062,313943169.0,0.375
2063,314782639.0,0.0
2064,316164073.0,0.0
2065,316212533.0,0.5
2066,316438779.0,0.1
2067,316698654.0,0.375
2068,318054011.0,0.3333333333333333
2069,318240583.0,0.0
2070,318718536.0,0.5
2071,319119316.0,0.0
2072,320125724.0,0.0
2073,321414866.0,0.0
2074,325054175.0,0.0
2075,326486913.0,0.06666666666666668
2076,328723106.0,0.0
2077,332029210.0,0.125
2078,341140674.0,0.5
2079,346342636.0,0.0
2080,348800734.0,0.0
2081,350397744.0,0.125
2082,351771565.0,0.0
2083,352691510.0,0.0
2084,356112895.0,0.08333333333333333
2085,358589992.0,0.25
2086,371002168.0,0.6666666666666666
2087,374379977.0,0.0
2088,386405204.0,0.011111111111111112
2089,388050713.0,0.0
2090,388658576.0,0.6428571428571429
2091,389628343.0,0.0
2092,391737846.0,0.0
2093,394136208.0,0.1875
2094,394226102.0,0.19791666666666666
2095,396561656.0,0.35555555555555557
2096,396667222.0,0.0
2097,398667300.0,0.5
2098,400380916.0,0.21666666666666667
2099,401023245.0,0.2
2100,401845846.0,0.0
2101,404628190.0,0.0
2102,405372062.0,0.6666666666666666
2103,405873308.0,0.0
2104,407295139.0,0.0
2105,407519221.0,0.125
2106,410964723.0,0.0
2107,414059340.0,0.0
